Sat_ID,Name,Operator,Orbit,Altitude_km,Launch_Year,Status
SAT-0001,Asset-466,Roscosmos,LEO,20718,2012,Decaying
SAT-0002,Asset-673,SpaceX,GEO,1630,2000,Active
SAT-0003,Asset-669,ESA,LEO,2694,2020,Active
SAT-0004,Asset-994,NASA,LEO,13854,2023,Active
SAT-0005,Asset-152,SpaceX,LEO,5881,2024,Active
SAT-0006,Asset-240,NASA,LEO,34202,2009,Active
SAT-0007,Asset-309,ISRO,LEO,9110,2001,Decommissioned
SAT-0008,Asset-897,SpaceX,LEO,18291,2024,Active
SAT-0009,Asset-734,Blue Origin,LEO,38789,2002,Active
SAT-0010,Asset-777,ESA,MEO,36104,2011,Active
SAT-0011,Asset-161,ISRO,GEO,35848,2002,Decommissioned
SAT-0012,Asset-960,Blue Origin,GEO,10533,2018,Active
SAT-0013,Asset-187,Blue Origin,LEO,35595,2003,Active
SAT-0014,Asset-693,SpaceX,LEO,10459,2014,Active
SAT-0015,Asset-902,SpaceX,LEO,22689,2010,Active
SAT-0016,Asset-543,SpaceX,GEO,3160,2015,Active
SAT-0017,Asset-690,ISRO,GEO,12316,2001,Active
SAT-0018,Asset-308,SpaceX,MEO,33174,2002,Active
SAT-0019,Asset-929,Roscosmos,LEO,20095,2025,Active
SAT-0020,Asset-553,ESA,GEO,18487,2012,Active
SAT-0021,Asset-589,Blue Origin,LEO,7149,2021,Decaying
SAT-0022,Asset-759,Roscosmos,HEO,34542,2006,Active
SAT-0023,Asset-233,ISRO,GEO,12153,2011,Active
SAT-0024,Asset-495,SpaceX,LEO,35105,2001,Active
SAT-0025,Asset-719,Roscosmos,LEO,1289,2009,Active
SAT-0026,Asset-560,SpaceX,LEO,33234,2020,Active
SAT-0027,Asset-196,Roscosmos,MEO,27538,2016,Active
SAT-0028,Asset-228,SpaceX,LEO,7891,2010,Active
SAT-0029,Asset-218,ISRO,LEO,4400,2026,Active
SAT-0030,Asset-225,Roscosmos,GEO,10387,2011,Active
SAT-0031,Asset-816,NASA,MEO,17607,2014,Active
SAT-0032,Asset-891,SpaceX,LEO,33904,2010,Active
SAT-0033,Asset-246,Blue Origin,LEO,9721,2019,Decommissioned
SAT-0034,Asset-308,Roscosmos,LEO,11277,2013,Active
SAT-0035,Asset-973,SpaceX,HEO,6047,2012,Active
SAT-0036,Asset-653,Roscosmos,LEO,11458,2004,Active
SAT-0037,Asset-987,Roscosmos,LEO,30848,2025,Decommissioned
SAT-0038,Asset-949,Roscosmos,MEO,37287,2002,Active
SAT-0039,Asset-674,ESA,GEO,35173,2025,Active
SAT-0040,Asset-988,Blue Origin,LEO,39988,2006,Active
SAT-0041,Asset-726,NASA,LEO,28732,2021,Active
SAT-0042,Asset-155,ISRO,LEO,7592,2026,Active
SAT-0043,Asset-362,SpaceX,MEO,29515,2015,Active
SAT-0044,Asset-632,SpaceX,LEO,31196,2011,Active
SAT-0045,Asset-775,ESA,LEO,2572,2008,Active
SAT-0046,Asset-916,NASA,LEO,12669,2005,Active
SAT-0047,Asset-514,SpaceX,LEO,12128,2006,Active
SAT-0048,Asset-345,ISRO,LEO,11340,2000,Active
SAT-0049,Asset-513,ESA,LEO,27078,2021,Active
SAT-0050,Asset-753,Roscosmos,HEO,15852,2013,Active
SAT-0051,Asset-968,Roscosmos,LEO,39047,2013,Active
SAT-0052,Asset-784,ESA,LEO,31646,2021,Decaying
SAT-0053,Asset-938,Blue Origin,GEO,1425,2004,Decommissioned
SAT-0054,Asset-771,ISRO,LEO,15864,2001,Active
SAT-0055,Asset-371,NASA,LEO,32303,2020,Active
SAT-0056,Asset-760,ESA,LEO,37036,2014,Active
SAT-0057,Asset-765,Blue Origin,LEO,13492,2000,Decaying
SAT-0058,Asset-292,ISRO,LEO,35727,2022,Active
SAT-0059,Asset-464,Roscosmos,LEO,19473,2005,Decommissioned
SAT-0060,Asset-954,Roscosmos,LEO,8214,2011,Decommissioned
SAT-0061,Asset-722,NASA,LEO,38599,2007,Active
SAT-0062,Asset-467,SpaceX,LEO,33039,2004,Active
SAT-0063,Asset-176,Roscosmos,LEO,6454,2016,Decaying
SAT-0064,Asset-664,ESA,GEO,4804,2015,Active
SAT-0065,Asset-263,ESA,LEO,20740,2000,Active
SAT-0066,Asset-128,ISRO,LEO,26713,2000,Active
SAT-0067,Asset-740,Blue Origin,MEO,32468,2011,Decommissioned
SAT-0068,Asset-181,SpaceX,LEO,6798,2003,Active
SAT-0069,Asset-508,Roscosmos,LEO,25503,2023,Active
SAT-0070,Asset-935,Roscosmos,LEO,17105,2006,Active
SAT-0071,Asset-436,ISRO,LEO,7963,2019,Active
SAT-0072,Asset-620,ESA,LEO,13833,2007,Active
SAT-0073,Asset-286,Blue Origin,LEO,9895,2012,Active
SAT-0074,Asset-694,NASA,LEO,36050,2017,Active
SAT-0075,Asset-709,Blue Origin,LEO,22466,2008,Active
SAT-0076,Asset-237,ISRO,GEO,5153,2000,Active
SAT-0077,Asset-678,ESA,LEO,13867,2015,Active
SAT-0078,Asset-785,Blue Origin,LEO,13765,2024,Active
SAT-0079,Asset-596,NASA,LEO,6756,2011,Active
SAT-0080,Asset-717,ESA,LEO,30893,2017,Decommissioned
SAT-0081,Asset-417,ISRO,LEO,16717,2025,Active
SAT-0082,Asset-867,Roscosmos,GEO,16810,2010,Active
SAT-0083,Asset-587,ISRO,MEO,16125,2003,Active
SAT-0084,Asset-242,Roscosmos,LEO,25263,2000,Decommissioned
SAT-0085,Asset-596,SpaceX,LEO,7243,2023,Active
SAT-0086,Asset-372,Roscosmos,LEO,29938,2022,Active
SAT-0087,Asset-598,SpaceX,LEO,3062,2016,Active
SAT-0088,Asset-875,SpaceX,LEO,30788,2008,Active
SAT-0089,Asset-976,SpaceX,LEO,8452,2011,Active
SAT-0090,Asset-575,NASA,GEO,12874,2023,Active
SAT-0091,Asset-116,Blue Origin,LEO,26848,2006,Active
SAT-0092,Asset-780,NASA,GEO,6366,2000,Active
SAT-0093,Asset-807,NASA,MEO,28697,2019,Decommissioned
SAT-0094,Asset-394,NASA,LEO,908,2002,Active
SAT-0095,Asset-924,Roscosmos,LEO,25956,2015,Decommissioned
SAT-0096,Asset-796,SpaceX,LEO,35906,2021,Decommissioned
SAT-0097,Asset-141,NASA,GEO,33433,2007,Active
SAT-0098,Asset-644,Blue Origin,MEO,7502,2008,Active
SAT-0099,Asset-229,Blue Origin,MEO,18607,2016,Decaying
SAT-0100,Asset-493,NASA,MEO,23622,2013,Active
SAT-0101,Asset-563,Blue Origin,LEO,39337,2008,Active
SAT-0102,Asset-244,ISRO,LEO,30823,2008,Active
SAT-0103,Asset-426,ISRO,LEO,31778,2012,Active
SAT-0104,Asset-350,NASA,LEO,36264,2004,Active
SAT-0105,Asset-803,NASA,MEO,17803,2004,Active
SAT-0106,Asset-338,ESA,LEO,1813,2006,Active
SAT-0107,Asset-337,NASA,GEO,15473,2004,Active
SAT-0108,Asset-590,Blue Origin,HEO,35003,2007,Active
SAT-0109,Asset-574,SpaceX,LEO,12681,2001,Active
SAT-0110,Asset-782,Blue Origin,LEO,30581,2018,Active
SAT-0111,Asset-672,SpaceX,LEO,23181,2017,Active
SAT-0112,Asset-106,SpaceX,LEO,29295,2002,Active
SAT-0113,Asset-391,ESA,LEO,14650,2018,Decommissioned
SAT-0114,Asset-380,NASA,LEO,39536,2009,Decommissioned
SAT-0115,Asset-724,Roscosmos,LEO,37082,2018,Active
SAT-0116,Asset-836,NASA,MEO,10445,2020,Active
SAT-0117,Asset-521,ISRO,GEO,7160,2010,Decaying
SAT-0118,Asset-135,SpaceX,HEO,33074,2014,Active
SAT-0119,Asset-658,ISRO,LEO,27955,2014,Active
SAT-0120,Asset-982,SpaceX,LEO,2185,2008,Active
SAT-0121,Asset-410,ESA,LEO,25024,2022,Active
SAT-0122,Asset-567,ESA,LEO,7359,2013,Active
SAT-0123,Asset-489,SpaceX,LEO,33947,2005,Decommissioned
SAT-0124,Asset-445,ESA,LEO,20366,2017,Active
SAT-0125,Asset-424,Blue Origin,LEO,10567,2002,Active
SAT-0126,Asset-506,Roscosmos,LEO,14078,2010,Decaying
SAT-0127,Asset-892,Blue Origin,LEO,31161,2012,Decommissioned
SAT-0128,Asset-560,SpaceX,LEO,25320,2021,Active
SAT-0129,Asset-302,ESA,LEO,32602,2003,Active
SAT-0130,Asset-285,ESA,LEO,10961,2009,Decommissioned
SAT-0131,Asset-477,NASA,GEO,14392,2014,Active
SAT-0132,Asset-645,SpaceX,LEO,22771,2007,Active
SAT-0133,Asset-435,ISRO,LEO,35545,2010,Active
SAT-0134,Asset-560,ISRO,LEO,39650,2015,Active
SAT-0135,Asset-854,ISRO,LEO,23441,2004,Active
SAT-0136,Asset-687,Blue Origin,MEO,21854,2003,Active
SAT-0137,Asset-284,Blue Origin,LEO,9992,2024,Decommissioned
SAT-0138,Asset-437,SpaceX,MEO,35816,2015,Active
SAT-0139,Asset-662,ISRO,LEO,27543,2005,Active
SAT-0140,Asset-620,Roscosmos,MEO,31395,2017,Active
SAT-0141,Asset-344,SpaceX,GEO,7760,2023,Active
SAT-0142,Asset-883,ISRO,LEO,21178,2009,Active
SAT-0143,Asset-209,Roscosmos,MEO,38713,2018,Decommissioned
SAT-0144,Asset-655,ISRO,LEO,38772,2011,Active
SAT-0145,Asset-339,SpaceX,LEO,11555,2013,Decommissioned
SAT-0146,Asset-549,ESA,HEO,25299,2007,Active
SAT-0147,Asset-322,NASA,LEO,34174,2019,Active
SAT-0148,Asset-505,ISRO,LEO,16745,2021,Active
SAT-0149,Asset-924,Roscosmos,LEO,28708,2011,Decaying
SAT-0150,Asset-771,NASA,LEO,17948,2024,Decaying
SAT-0151,Asset-294,ISRO,LEO,29835,2015,Active
SAT-0152,Asset-984,ESA,GEO,21851,2016,Decommissioned
SAT-0153,Asset-986,SpaceX,GEO,29823,2006,Decommissioned
SAT-0154,Asset-902,Roscosmos,LEO,31004,2003,Decommissioned
SAT-0155,Asset-601,ISRO,LEO,15435,2026,Active
SAT-0156,Asset-582,SpaceX,MEO,26844,2002,Active
SAT-0157,Asset-757,SpaceX,LEO,29135,2010,Active
SAT-0158,Asset-220,Blue Origin,LEO,6996,2006,Decommissioned
SAT-0159,Asset-448,Roscosmos,GEO,2153,2017,Active
SAT-0160,Asset-105,ISRO,MEO,8367,2014,Active
SAT-0161,Asset-517,NASA,HEO,20464,2007,Decommissioned
SAT-0162,Asset-276,ISRO,LEO,17853,2025,Active
SAT-0163,Asset-164,Blue Origin,LEO,31763,2007,Active
SAT-0164,Asset-454,NASA,GEO,34698,2002,Active
SAT-0165,Asset-511,ESA,LEO,13292,2014,Active
SAT-0166,Asset-197,ESA,LEO,24846,2018,Active
SAT-0167,Asset-898,ESA,GEO,31725,2013,Active
SAT-0168,Asset-873,Blue Origin,LEO,15383,2019,Active
SAT-0169,Asset-478,ISRO,LEO,24518,2004,Active
SAT-0170,Asset-824,Roscosmos,GEO,31533,2016,Active
SAT-0171,Asset-730,NASA,LEO,15732,2016,Active
SAT-0172,Asset-136,SpaceX,MEO,7002,2023,Active
SAT-0173,Asset-669,Roscosmos,LEO,20731,2002,Active
SAT-0174,Asset-311,Roscosmos,LEO,4087,2018,Decommissioned
SAT-0175,Asset-307,SpaceX,HEO,3620,2022,Decommissioned
SAT-0176,Asset-893,ISRO,LEO,32070,2022,Active
SAT-0177,Asset-104,Blue Origin,LEO,39739,2008,Active
SAT-0178,Asset-626,Roscosmos,LEO,34512,2022,Active
SAT-0179,Asset-337,ESA,LEO,24467,2007,Active
SAT-0180,Asset-618,ISRO,LEO,11064,2008,Active
SAT-0181,Asset-883,ESA,HEO,37587,2026,Active
SAT-0182,Asset-819,Roscosmos,LEO,34233,2009,Decommissioned
SAT-0183,Asset-419,SpaceX,LEO,26538,2024,Active
SAT-0184,Asset-146,NASA,GEO,22121,2017,Active
SAT-0185,Asset-756,SpaceX,LEO,17887,2007,Active
SAT-0186,Asset-181,Roscosmos,MEO,18921,2011,Active
SAT-0187,Asset-172,Blue Origin,LEO,29498,2014,Active
SAT-0188,Asset-168,ESA,LEO,22333,2006,Active
SAT-0189,Asset-103,Blue Origin,LEO,25910,2021,Active
SAT-0190,Asset-980,Roscosmos,MEO,20545,2012,Active
SAT-0191,Asset-955,Blue Origin,HEO,38358,2004,Decaying
SAT-0192,Asset-203,NASA,LEO,11858,2013,Active
SAT-0193,Asset-637,SpaceX,MEO,33995,2011,Active
SAT-0194,Asset-753,Roscosmos,LEO,13235,2001,Active
SAT-0195,Asset-711,Blue Origin,LEO,31603,2000,Active
SAT-0196,Asset-133,Blue Origin,LEO,32948,2013,Decommissioned
SAT-0197,Asset-534,Roscosmos,LEO,5844,2010,Active
SAT-0198,Asset-417,ESA,LEO,29945,2018,Decommissioned
SAT-0199,Asset-976,Blue Origin,LEO,24793,2002,Active
SAT-0200,Asset-971,ISRO,LEO,9936,2016,Decaying
SAT-0201,Asset-997,Blue Origin,LEO,8069,2021,Active
SAT-0202,Asset-789,Roscosmos,GEO,10463,2024,Active
SAT-0203,Asset-268,Roscosmos,LEO,11750,2009,Active
SAT-0204,Asset-229,NASA,GEO,11293,2004,Active
SAT-0205,Asset-493,SpaceX,LEO,31120,2003,Active
SAT-0206,Asset-107,ESA,MEO,12319,2014,Active
SAT-0207,Asset-423,ESA,LEO,39246,2001,Active
SAT-0208,Asset-494,SpaceX,HEO,21282,2011,Active
SAT-0209,Asset-100,SpaceX,GEO,4929,2013,Active
SAT-0210,Asset-404,SpaceX,GEO,18749,2004,Active
SAT-0211,Asset-777,ESA,GEO,11593,2011,Active
SAT-0212,Asset-940,SpaceX,LEO,8872,2012,Active
SAT-0213,Asset-435,Roscosmos,MEO,28267,2003,Decaying
SAT-0214,Asset-188,Roscosmos,LEO,20948,2003,Decommissioned
SAT-0215,Asset-181,Blue Origin,GEO,33516,2012,Decommissioned
SAT-0216,Asset-235,ESA,LEO,14315,2022,Decaying
SAT-0217,Asset-914,ISRO,LEO,34139,2019,Active
SAT-0218,Asset-266,Blue Origin,LEO,24006,2000,Active
SAT-0219,Asset-458,Roscosmos,LEO,5952,2015,Decommissioned
SAT-0220,Asset-184,Blue Origin,GEO,23234,2025,Active
SAT-0221,Asset-159,SpaceX,LEO,12043,2002,Active
SAT-0222,Asset-626,NASA,LEO,36060,2013,Active
SAT-0223,Asset-646,Blue Origin,LEO,23303,2003,Active
SAT-0224,Asset-847,ESA,LEO,28751,2019,Active
SAT-0225,Asset-703,Blue Origin,LEO,8871,2025,Active
SAT-0226,Asset-258,SpaceX,LEO,9904,2000,Active
SAT-0227,Asset-890,ESA,MEO,25535,2000,Active
SAT-0228,Asset-137,Roscosmos,LEO,22548,2024,Active
SAT-0229,Asset-116,Blue Origin,LEO,4903,2020,Active
SAT-0230,Asset-704,SpaceX,LEO,1929,2001,Active
SAT-0231,Asset-445,SpaceX,LEO,990,2009,Active
SAT-0232,Asset-715,ISRO,LEO,28602,2026,Active
SAT-0233,Asset-832,Blue Origin,MEO,32145,2023,Active
SAT-0234,Asset-809,ISRO,LEO,27334,2020,Active
SAT-0235,Asset-603,ESA,LEO,6018,2015,Active
SAT-0236,Asset-949,SpaceX,LEO,36131,2003,Active
SAT-0237,Asset-838,ISRO,LEO,3431,2000,Active
SAT-0238,Asset-865,SpaceX,LEO,4199,2023,Active
SAT-0239,Asset-696,Roscosmos,LEO,22456,2013,Active
SAT-0240,Asset-611,ESA,LEO,21229,2022,Active
SAT-0241,Asset-260,ISRO,LEO,7646,2002,Active
SAT-0242,Asset-737,SpaceX,LEO,6581,2002,Active
SAT-0243,Asset-298,SpaceX,GEO,29215,2017,Active
SAT-0244,Asset-684,Roscosmos,LEO,38709,2026,Active
SAT-0245,Asset-287,NASA,LEO,36988,2021,Active
SAT-0246,Asset-684,ESA,LEO,792,2009,Decommissioned
SAT-0247,Asset-470,Blue Origin,LEO,22986,2000,Active
SAT-0248,Asset-130,Blue Origin,LEO,12821,2026,Decaying
SAT-0249,Asset-376,Roscosmos,LEO,19939,2001,Active
SAT-0250,Asset-157,ISRO,LEO,14182,2008,Active
SAT-0251,Asset-555,Roscosmos,GEO,414,2004,Decommissioned
SAT-0252,Asset-433,ISRO,LEO,25977,2011,Active
SAT-0253,Asset-667,ISRO,LEO,4937,2011,Decaying
SAT-0254,Asset-703,Roscosmos,LEO,33551,2022,Active
SAT-0255,Asset-259,Blue Origin,LEO,37540,2020,Decommissioned
SAT-0256,Asset-859,SpaceX,LEO,23049,2008,Active
SAT-0257,Asset-906,NASA,LEO,17539,2003,Active
SAT-0258,Asset-137,Blue Origin,LEO,3813,2020,Active
SAT-0259,Asset-846,ISRO,LEO,32799,2013,Active
SAT-0260,Asset-589,ISRO,HEO,9991,2020,Active
SAT-0261,Asset-569,Blue Origin,LEO,34238,2021,Decommissioned
SAT-0262,Asset-739,ESA,LEO,38113,2023,Active
SAT-0263,Asset-877,Roscosmos,LEO,37841,2025,Decommissioned
SAT-0264,Asset-135,NASA,GEO,18887,2007,Active
SAT-0265,Asset-891,NASA,GEO,13120,2008,Active
SAT-0266,Asset-273,NASA,LEO,36100,2023,Decommissioned
SAT-0267,Asset-145,SpaceX,LEO,27080,2019,Decommissioned
SAT-0268,Asset-283,NASA,LEO,11622,2012,Active
SAT-0269,Asset-813,Blue Origin,LEO,17729,2019,Active
SAT-0270,Asset-102,SpaceX,MEO,18045,2012,Decommissioned
SAT-0271,Asset-802,ISRO,LEO,36983,2009,Active
SAT-0272,Asset-601,Blue Origin,LEO,19864,2007,Active
SAT-0273,Asset-720,SpaceX,LEO,1681,2020,Active
SAT-0274,Asset-446,NASA,LEO,4672,2021,Active
SAT-0275,Asset-658,ISRO,LEO,35270,2007,Active
SAT-0276,Asset-949,NASA,LEO,26904,2026,Active
SAT-0277,Asset-980,SpaceX,LEO,33381,2013,Decommissioned
SAT-0278,Asset-258,SpaceX,GEO,15112,2000,Decommissioned
SAT-0279,Asset-548,Roscosmos,LEO,6799,2024,Active
SAT-0280,Asset-454,Roscosmos,LEO,14158,2021,Active
SAT-0281,Asset-256,NASA,LEO,1397,2021,Active
SAT-0282,Asset-988,SpaceX,LEO,14724,2011,Active
SAT-0283,Asset-899,SpaceX,LEO,34338,2001,Active
SAT-0284,Asset-357,SpaceX,GEO,38637,2025,Active
SAT-0285,Asset-348,ESA,LEO,36835,2003,Decommissioned
SAT-0286,Asset-658,ISRO,LEO,15788,2005,Active
SAT-0287,Asset-534,Roscosmos,LEO,15425,2017,Active
SAT-0288,Asset-785,ISRO,LEO,18853,2023,Active
SAT-0289,Asset-743,Roscosmos,LEO,25345,2008,Active
SAT-0290,Asset-919,Blue Origin,GEO,16649,2022,Active
SAT-0291,Asset-161,Roscosmos,LEO,18143,2024,Active
SAT-0292,Asset-589,NASA,LEO,18315,2021,Active
SAT-0293,Asset-784,NASA,LEO,1122,2013,Active
SAT-0294,Asset-912,NASA,GEO,11569,2009,Decommissioned
SAT-0295,Asset-361,Roscosmos,MEO,37270,2023,Active
SAT-0296,Asset-324,SpaceX,HEO,23866,2003,Active
SAT-0297,Asset-114,ISRO,LEO,32618,2026,Active
SAT-0298,Asset-649,NASA,LEO,39349,2000,Decaying
SAT-0299,Asset-847,ISRO,LEO,5253,2000,Decommissioned
SAT-0300,Asset-935,NASA,LEO,20388,2007,Active
SAT-0301,Asset-287,ISRO,GEO,33020,2004,Active
SAT-0302,Asset-547,ESA,GEO,3835,2004,Active
SAT-0303,Asset-715,SpaceX,LEO,25687,2015,Decommissioned
SAT-0304,Asset-387,SpaceX,LEO,24660,2020,Active
SAT-0305,Asset-793,NASA,GEO,11697,2023,Active
SAT-0306,Asset-557,ISRO,LEO,36497,2015,Active
SAT-0307,Asset-390,Roscosmos,LEO,35765,2017,Decaying
SAT-0308,Asset-513,Blue Origin,LEO,31506,2012,Active
SAT-0309,Asset-213,Blue Origin,GEO,5891,2003,Active
SAT-0310,Asset-606,NASA,LEO,12019,2008,Active
SAT-0311,Asset-234,SpaceX,LEO,21972,2024,Active
SAT-0312,Asset-804,ESA,GEO,37949,2016,Decommissioned
SAT-0313,Asset-480,ISRO,LEO,28143,2007,Active
SAT-0314,Asset-840,SpaceX,LEO,10659,2009,Active
SAT-0315,Asset-297,Roscosmos,LEO,344,2014,Active
SAT-0316,Asset-638,ESA,LEO,6849,2024,Active
SAT-0317,Asset-265,SpaceX,MEO,3455,2003,Active
SAT-0318,Asset-306,ESA,LEO,9648,2019,Decaying
SAT-0319,Asset-895,SpaceX,GEO,7578,2019,Active
SAT-0320,Asset-312,ISRO,LEO,24957,2007,Active
SAT-0321,Asset-498,SpaceX,LEO,7184,2013,Active
SAT-0322,Asset-687,Roscosmos,LEO,18273,2006,Active
SAT-0323,Asset-591,ESA,GEO,21169,2012,Active
SAT-0324,Asset-916,Roscosmos,LEO,21101,2009,Active
SAT-0325,Asset-463,ESA,LEO,20609,2012,Active
SAT-0326,Asset-659,NASA,GEO,16451,2007,Active
SAT-0327,Asset-596,SpaceX,LEO,28314,2016,Decommissioned
SAT-0328,Asset-450,Blue Origin,LEO,2494,2012,Active
SAT-0329,Asset-512,Roscosmos,LEO,37863,2026,Active
SAT-0330,Asset-362,Blue Origin,MEO,32657,2002,Active
SAT-0331,Asset-573,Blue Origin,LEO,26092,2024,Active
SAT-0332,Asset-166,ISRO,LEO,30839,2015,Active
SAT-0333,Asset-437,Roscosmos,LEO,5321,2012,Active
SAT-0334,Asset-729,SpaceX,MEO,21499,2024,Active
SAT-0335,Asset-897,Blue Origin,LEO,38792,2013,Active
SAT-0336,Asset-942,SpaceX,LEO,24098,2018,Active
SAT-0337,Asset-647,Blue Origin,GEO,15825,2018,Active
SAT-0338,Asset-162,ESA,LEO,36269,2012,Decaying
SAT-0339,Asset-152,Roscosmos,LEO,33170,2000,Decaying
SAT-0340,Asset-253,NASA,LEO,23518,2020,Decaying
SAT-0341,Asset-930,ISRO,LEO,29934,2024,Active
SAT-0342,Asset-849,NASA,LEO,29195,2002,Active
SAT-0343,Asset-646,Blue Origin,LEO,27977,2008,Active
SAT-0344,Asset-604,NASA,LEO,1836,2025,Active
SAT-0345,Asset-427,NASA,LEO,8573,2017,Active
SAT-0346,Asset-222,NASA,LEO,36944,2025,Active
SAT-0347,Asset-843,SpaceX,LEO,34247,2012,Active
SAT-0348,Asset-659,Blue Origin,LEO,30626,2001,Active
SAT-0349,Asset-295,Blue Origin,LEO,30487,2025,Active
SAT-0350,Asset-459,NASA,LEO,17368,2005,Active
SAT-0351,Asset-279,NASA,LEO,6711,2020,Active
SAT-0352,Asset-614,Blue Origin,GEO,21716,2023,Active
SAT-0353,Asset-569,ISRO,MEO,22206,2022,Active
SAT-0354,Asset-179,NASA,LEO,35371,2024,Active
SAT-0355,Asset-253,ESA,LEO,36677,2018,Active
SAT-0356,Asset-385,ESA,LEO,12458,2021,Active
SAT-0357,Asset-658,Roscosmos,GEO,928,2019,Active
SAT-0358,Asset-476,Roscosmos,LEO,38538,2018,Active
SAT-0359,Asset-790,ISRO,GEO,36639,2024,Active
SAT-0360,Asset-505,SpaceX,LEO,22868,2006,Active
SAT-0361,Asset-826,Blue Origin,LEO,12573,2004,Active
SAT-0362,Asset-288,NASA,LEO,21146,2022,Active
SAT-0363,Asset-418,Roscosmos,LEO,25496,2021,Active
SAT-0364,Asset-522,ESA,LEO,18905,2023,Active
SAT-0365,Asset-975,ISRO,MEO,3212,2022,Active
SAT-0366,Asset-748,ISRO,LEO,3339,2016,Active
SAT-0367,Asset-165,Roscosmos,LEO,9021,2026,Active
SAT-0368,Asset-711,ISRO,MEO,27977,2007,Active
SAT-0369,Asset-352,NASA,LEO,13819,2009,Active
SAT-0370,Asset-967,Blue Origin,LEO,19978,2023,Active
SAT-0371,Asset-481,SpaceX,LEO,4547,2025,Active
SAT-0372,Asset-244,Blue Origin,GEO,11423,2013,Decaying
SAT-0373,Asset-296,ISRO,LEO,5825,2019,Active
SAT-0374,Asset-373,Roscosmos,LEO,31782,2011,Active
SAT-0375,Asset-995,Blue Origin,LEO,34348,2022,Active
SAT-0376,Asset-286,SpaceX,LEO,18228,2013,Active
SAT-0377,Asset-500,Blue Origin,MEO,2502,2006,Active
SAT-0378,Asset-320,Roscosmos,LEO,11600,2013,Decommissioned
SAT-0379,Asset-202,Blue Origin,GEO,5878,2021,Active
SAT-0380,Asset-445,SpaceX,MEO,20396,2015,Active
SAT-0381,Asset-599,ESA,LEO,32802,2007,Active
SAT-0382,Asset-631,SpaceX,LEO,32313,2025,Active
SAT-0383,Asset-329,ESA,LEO,36126,2020,Active
SAT-0384,Asset-548,SpaceX,LEO,34200,2018,Active
SAT-0385,Asset-351,ESA,LEO,39431,2007,Decommissioned
SAT-0386,Asset-138,Blue Origin,LEO,9161,2006,Active
SAT-0387,Asset-563,Blue Origin,HEO,34934,2005,Active
SAT-0388,Asset-956,SpaceX,LEO,27706,2017,Active
SAT-0389,Asset-430,Blue Origin,GEO,17397,2003,Active
SAT-0390,Asset-485,Blue Origin,MEO,31918,2005,Decommissioned
SAT-0391,Asset-473,ISRO,LEO,5088,2001,Decommissioned
SAT-0392,Asset-376,Blue Origin,GEO,10161,2014,Active
SAT-0393,Asset-225,Roscosmos,LEO,37236,2002,Active
SAT-0394,Asset-224,SpaceX,LEO,27402,2002,Active
SAT-0395,Asset-417,Roscosmos,LEO,33509,2008,Active
SAT-0396,Asset-407,SpaceX,LEO,27398,2014,Active
SAT-0397,Asset-506,ESA,MEO,37173,2014,Active
SAT-0398,Asset-645,ESA,GEO,4478,2021,Active
SAT-0399,Asset-858,NASA,HEO,39994,2004,Active
SAT-0400,Asset-112,Roscosmos,MEO,2321,2016,Active
SAT-0401,Asset-795,ISRO,LEO,37627,2024,Active
SAT-0402,Asset-128,ISRO,LEO,6370,2014,Active
SAT-0403,Asset-979,Blue Origin,LEO,14967,2001,Decommissioned
SAT-0404,Asset-582,ISRO,GEO,27340,2003,Active
SAT-0405,Asset-341,SpaceX,LEO,31841,2018,Decaying
SAT-0406,Asset-819,NASA,LEO,17519,2009,Active
SAT-0407,Asset-467,ISRO,LEO,24290,2021,Active
SAT-0408,Asset-425,ESA,LEO,31902,2014,Active
SAT-0409,Asset-691,Blue Origin,LEO,27051,2015,Active
SAT-0410,Asset-620,Roscosmos,LEO,11062,2010,Decommissioned
SAT-0411,Asset-708,Blue Origin,LEO,28131,2026,Active
SAT-0412,Asset-547,Blue Origin,LEO,36555,2005,Decommissioned
SAT-0413,Asset-699,Blue Origin,LEO,27745,2001,Active
SAT-0414,Asset-845,Blue Origin,HEO,19312,2008,Active
SAT-0415,Asset-931,NASA,LEO,9900,2008,Active
SAT-0416,Asset-587,ESA,LEO,28429,2015,Active
SAT-0417,Asset-603,ISRO,LEO,16950,2025,Active
SAT-0418,Asset-995,NASA,LEO,1527,2017,Decommissioned
SAT-0419,Asset-345,ESA,LEO,36015,2017,Active
SAT-0420,Asset-450,NASA,MEO,31814,2002,Active
SAT-0421,Asset-717,ESA,LEO,30107,2011,Active
SAT-0422,Asset-606,Blue Origin,LEO,16410,2017,Active
SAT-0423,Asset-245,NASA,LEO,5117,2004,Active
SAT-0424,Asset-135,ISRO,LEO,34975,2021,Active
SAT-0425,Asset-634,ESA,LEO,10776,2015,Decommissioned
SAT-0426,Asset-302,Blue Origin,LEO,33279,2003,Active
SAT-0427,Asset-137,SpaceX,LEO,17453,2005,Active
SAT-0428,Asset-437,Roscosmos,LEO,35222,2015,Decommissioned
SAT-0429,Asset-923,ESA,LEO,24167,2005,Active
SAT-0430,Asset-555,NASA,LEO,26253,2013,Active
SAT-0431,Asset-929,ESA,LEO,38416,2008,Active
SAT-0432,Asset-705,Roscosmos,HEO,33203,2014,Decommissioned
SAT-0433,Asset-285,NASA,LEO,22136,2008,Decommissioned
SAT-0434,Asset-458,SpaceX,GEO,5340,2026,Active
SAT-0435,Asset-437,ISRO,LEO,1522,2011,Active
SAT-0436,Asset-246,Blue Origin,MEO,6668,2010,Active
SAT-0437,Asset-511,Roscosmos,LEO,667,2025,Active
SAT-0438,Asset-264,Blue Origin,LEO,14837,2013,Active
SAT-0439,Asset-182,ISRO,MEO,22104,2006,Active
SAT-0440,Asset-399,NASA,GEO,9666,2002,Active
SAT-0441,Asset-581,NASA,LEO,10168,2000,Active
SAT-0442,Asset-911,NASA,LEO,29626,2000,Decommissioned
SAT-0443,Asset-335,ESA,LEO,23826,2020,Active
SAT-0444,Asset-314,ESA,LEO,8605,2025,Decommissioned
SAT-0445,Asset-399,ESA,LEO,25186,2019,Decommissioned
SAT-0446,Asset-460,SpaceX,LEO,15941,2013,Decommissioned
SAT-0447,Asset-427,Blue Origin,LEO,28577,2025,Active
SAT-0448,Asset-316,ISRO,GEO,25686,2015,Decommissioned
SAT-0449,Asset-413,ESA,GEO,30194,2007,Active
SAT-0450,Asset-717,Roscosmos,LEO,22634,2001,Active
SAT-0451,Asset-940,Blue Origin,LEO,39530,2014,Decommissioned
SAT-0452,Asset-714,ISRO,LEO,12971,2000,Active
SAT-0453,Asset-163,SpaceX,LEO,9866,2000,Decaying
SAT-0454,Asset-328,Blue Origin,LEO,28882,2013,Decommissioned
SAT-0455,Asset-526,Roscosmos,LEO,36311,2006,Decommissioned
SAT-0456,Asset-516,Roscosmos,LEO,35021,2007,Active
SAT-0457,Asset-393,ISRO,LEO,28771,2023,Decommissioned
SAT-0458,Asset-922,SpaceX,GEO,17255,2000,Decommissioned
SAT-0459,Asset-555,NASA,LEO,12934,2004,Active
SAT-0460,Asset-523,SpaceX,LEO,22315,2017,Active
SAT-0461,Asset-711,NASA,LEO,38191,2018,Active
SAT-0462,Asset-276,ESA,LEO,13656,2010,Active
SAT-0463,Asset-501,Blue Origin,LEO,38552,2011,Active
SAT-0464,Asset-737,ESA,HEO,20166,2016,Active
SAT-0465,Asset-413,NASA,MEO,22140,2002,Active
SAT-0466,Asset-936,NASA,LEO,33398,2003,Active
SAT-0467,Asset-459,Roscosmos,LEO,24302,2012,Active
SAT-0468,Asset-858,NASA,LEO,17461,2014,Active
SAT-0469,Asset-889,ISRO,LEO,441,2025,Active
SAT-0470,Asset-417,NASA,LEO,11788,2001,Active
SAT-0471,Asset-867,ISRO,LEO,34107,2018,Active
SAT-0472,Asset-777,ISRO,LEO,22171,2004,Active
SAT-0473,Asset-907,SpaceX,LEO,37591,2006,Active
SAT-0474,Asset-945,ESA,LEO,37105,2003,Active
SAT-0475,Asset-742,NASA,LEO,36240,2015,Active
SAT-0476,Asset-382,NASA,MEO,18856,2022,Active
SAT-0477,Asset-760,NASA,LEO,9532,2006,Active
SAT-0478,Asset-723,NASA,LEO,36627,2008,Decommissioned
SAT-0479,Asset-287,Blue Origin,HEO,9238,2024,Active
SAT-0480,Asset-648,ISRO,MEO,13045,2022,Active
SAT-0481,Asset-521,SpaceX,LEO,34818,2020,Active
SAT-0482,Asset-924,Roscosmos,LEO,2029,2021,Decommissioned
SAT-0483,Asset-571,Roscosmos,LEO,3973,2009,Active
SAT-0484,Asset-586,NASA,MEO,8325,2004,Active
SAT-0485,Asset-146,SpaceX,MEO,31812,2022,Active
SAT-0486,Asset-341,NASA,GEO,32034,2001,Active
SAT-0487,Asset-687,ESA,GEO,38435,2015,Active
SAT-0488,Asset-653,SpaceX,LEO,1773,2023,Active
SAT-0489,Asset-307,SpaceX,LEO,38709,2004,Active
SAT-0490,Asset-674,NASA,LEO,18762,2004,Active
SAT-0491,Asset-720,SpaceX,MEO,30379,2015,Active
SAT-0492,Asset-582,SpaceX,HEO,28634,2026,Active
SAT-0493,Asset-985,SpaceX,HEO,19323,2006,Active
SAT-0494,Asset-810,Blue Origin,GEO,13179,2025,Active
SAT-0495,Asset-127,NASA,LEO,20191,2024,Decaying
SAT-0496,Asset-685,SpaceX,LEO,26848,2016,Active
SAT-0497,Asset-467,ESA,LEO,19896,2020,Active
SAT-0498,Asset-455,SpaceX,HEO,29736,2000,Decommissioned
SAT-0499,Asset-581,Blue Origin,GEO,5483,2000,Decaying
SAT-0500,Asset-584,SpaceX,LEO,39096,2001,Decaying
SAT-0501,Asset-574,ESA,LEO,26304,2024,Active
SAT-0502,Asset-749,SpaceX,GEO,22675,2025,Active
SAT-0503,Asset-317,NASA,LEO,39552,2007,Decommissioned
SAT-0504,Asset-651,NASA,GEO,36055,2021,Active
SAT-0505,Asset-335,NASA,LEO,28730,2017,Decommissioned
SAT-0506,Asset-211,Blue Origin,GEO,25755,2008,Active
SAT-0507,Asset-562,ESA,LEO,31840,2007,Active
SAT-0508,Asset-600,Roscosmos,LEO,21872,2013,Active
SAT-0509,Asset-447,ESA,GEO,11808,2019,Active
SAT-0510,Asset-560,Blue Origin,LEO,23339,2011,Active
SAT-0511,Asset-525,ESA,LEO,19671,2024,Decommissioned
SAT-0512,Asset-854,Blue Origin,LEO,35495,2007,Active
SAT-0513,Asset-505,ISRO,LEO,8421,2011,Active
SAT-0514,Asset-294,ESA,MEO,8514,2003,Active
SAT-0515,Asset-826,Blue Origin,LEO,17551,2020,Decommissioned
SAT-0516,Asset-473,ISRO,GEO,27542,2020,Decaying
SAT-0517,Asset-160,SpaceX,HEO,11664,2002,Active
SAT-0518,Asset-146,ESA,LEO,7547,2016,Active
SAT-0519,Asset-244,ESA,GEO,32604,2012,Active
SAT-0520,Asset-525,Blue Origin,LEO,26671,2026,Active
SAT-0521,Asset-752,ESA,LEO,13328,2006,Active
SAT-0522,Asset-348,SpaceX,LEO,13763,2007,Active
SAT-0523,Asset-365,Blue Origin,LEO,27598,2019,Active
SAT-0524,Asset-245,Roscosmos,LEO,27769,2018,Active
SAT-0525,Asset-137,Roscosmos,LEO,17991,2001,Decommissioned
SAT-0526,Asset-838,Roscosmos,GEO,33297,2022,Decaying
SAT-0527,Asset-603,ISRO,LEO,19203,2001,Active
SAT-0528,Asset-111,ESA,GEO,14932,2023,Active
SAT-0529,Asset-562,Roscosmos,MEO,2353,2010,Decommissioned
SAT-0530,Asset-136,ISRO,LEO,9361,2022,Active
SAT-0531,Asset-174,Roscosmos,LEO,14421,2024,Active
SAT-0532,Asset-657,NASA,LEO,16877,2024,Active
SAT-0533,Asset-228,SpaceX,MEO,3710,2011,Active
SAT-0534,Asset-199,SpaceX,HEO,39477,2001,Active
SAT-0535,Asset-760,NASA,GEO,31165,2013,Active
SAT-0536,Asset-701,Blue Origin,LEO,7403,2016,Decommissioned
SAT-0537,Asset-738,Roscosmos,GEO,38373,2009,Active
SAT-0538,Asset-838,SpaceX,LEO,34721,2010,Active
SAT-0539,Asset-466,NASA,LEO,4297,2003,Decommissioned
SAT-0540,Asset-400,SpaceX,LEO,5212,2007,Active
SAT-0541,Asset-322,ISRO,LEO,1959,2022,Active
SAT-0542,Asset-670,Blue Origin,LEO,25987,2010,Active
SAT-0543,Asset-109,SpaceX,LEO,5692,2010,Decommissioned
SAT-0544,Asset-651,ISRO,HEO,23590,2014,Active
SAT-0545,Asset-950,Roscosmos,LEO,10661,2013,Active
SAT-0546,Asset-866,NASA,LEO,23467,2001,Active
SAT-0547,Asset-300,ESA,LEO,8571,2026,Active
SAT-0548,Asset-296,ISRO,LEO,35441,2005,Active
SAT-0549,Asset-619,Blue Origin,LEO,26215,2007,Active
SAT-0550,Asset-309,NASA,LEO,34126,2024,Decommissioned
SAT-0551,Asset-972,Roscosmos,GEO,12035,2022,Active
SAT-0552,Asset-365,NASA,LEO,32823,2006,Active
SAT-0553,Asset-979,ESA,MEO,35836,2013,Active
SAT-0554,Asset-241,Roscosmos,MEO,15212,2026,Decommissioned
SAT-0555,Asset-893,Blue Origin,LEO,34215,2007,Active
SAT-0556,Asset-490,ISRO,GEO,37486,2005,Active
SAT-0557,Asset-326,Blue Origin,HEO,8384,2025,Active
SAT-0558,Asset-170,Roscosmos,GEO,2135,2012,Active
SAT-0559,Asset-181,NASA,LEO,9875,2007,Decommissioned
SAT-0560,Asset-208,SpaceX,GEO,37518,2004,Active
SAT-0561,Asset-807,ESA,LEO,28130,2019,Active
SAT-0562,Asset-128,SpaceX,LEO,32542,2005,Active
SAT-0563,Asset-156,Roscosmos,LEO,2336,2014,Active
SAT-0564,Asset-291,ESA,LEO,19003,2002,Active
SAT-0565,Asset-921,NASA,MEO,16752,2005,Decaying
SAT-0566,Asset-975,ISRO,GEO,9462,2015,Active
SAT-0567,Asset-718,SpaceX,LEO,38307,2014,Active
SAT-0568,Asset-921,ESA,LEO,23649,2000,Decaying
SAT-0569,Asset-305,SpaceX,MEO,8230,2002,Active
SAT-0570,Asset-983,Roscosmos,LEO,806,2024,Active
SAT-0571,Asset-988,Roscosmos,LEO,29727,2005,Active
SAT-0572,Asset-526,Blue Origin,LEO,21887,2010,Active
SAT-0573,Asset-852,Roscosmos,LEO,24030,2018,Active
SAT-0574,Asset-386,Blue Origin,LEO,5653,2005,Active
SAT-0575,Asset-361,Blue Origin,LEO,36221,2015,Active
SAT-0576,Asset-861,ESA,LEO,14335,2016,Active
SAT-0577,Asset-614,ESA,LEO,16091,2012,Active
SAT-0578,Asset-358,SpaceX,LEO,2469,2023,Decommissioned
SAT-0579,Asset-978,Roscosmos,LEO,23397,2000,Active
SAT-0580,Asset-765,ISRO,LEO,10792,2013,Active
SAT-0581,Asset-918,Blue Origin,GEO,6968,2023,Active
SAT-0582,Asset-590,Blue Origin,LEO,20945,2005,Active
SAT-0583,Asset-424,NASA,GEO,28995,2009,Active
SAT-0584,Asset-388,NASA,LEO,910,2017,Decommissioned
SAT-0585,Asset-411,Roscosmos,LEO,37577,2012,Active
SAT-0586,Asset-621,SpaceX,LEO,11854,2007,Active
SAT-0587,Asset-526,ISRO,LEO,14627,2009,Active
SAT-0588,Asset-908,ESA,GEO,12447,2002,Active
SAT-0589,Asset-165,SpaceX,LEO,10763,2003,Active
SAT-0590,Asset-524,NASA,MEO,28523,2026,Active
SAT-0591,Asset-552,ESA,LEO,37497,2017,Active
SAT-0592,Asset-258,ESA,MEO,37144,2008,Decommissioned
SAT-0593,Asset-126,NASA,HEO,39850,2013,Active
SAT-0594,Asset-645,Blue Origin,LEO,18808,2006,Active
SAT-0595,Asset-874,Blue Origin,GEO,5782,2003,Active
SAT-0596,Asset-477,NASA,LEO,39819,2011,Active
SAT-0597,Asset-892,NASA,LEO,37304,2010,Decommissioned
SAT-0598,Asset-767,SpaceX,GEO,12418,2025,Active
SAT-0599,Asset-117,NASA,LEO,1543,2001,Active
SAT-0600,Asset-928,Blue Origin,LEO,31975,2011,Active
SAT-0601,Asset-453,Blue Origin,HEO,14859,2012,Active
SAT-0602,Asset-435,Roscosmos,LEO,36907,2001,Active
SAT-0603,Asset-823,ESA,LEO,31525,2026,Active
SAT-0604,Asset-308,Roscosmos,LEO,17629,2014,Active
SAT-0605,Asset-555,SpaceX,GEO,7072,2020,Decaying
SAT-0606,Asset-940,SpaceX,LEO,3092,2018,Active
SAT-0607,Asset-439,ISRO,LEO,3769,2008,Decommissioned
SAT-0608,Asset-312,ESA,LEO,20928,2017,Active
SAT-0609,Asset-182,ISRO,LEO,31310,2026,Active
SAT-0610,Asset-388,NASA,HEO,35817,2026,Active
SAT-0611,Asset-656,Roscosmos,LEO,38729,2008,Active
SAT-0612,Asset-615,Roscosmos,LEO,37909,2009,Decaying
SAT-0613,Asset-835,NASA,GEO,10927,2026,Active
SAT-0614,Asset-583,ISRO,LEO,5723,2021,Active
SAT-0615,Asset-791,Roscosmos,LEO,23990,2022,Active
SAT-0616,Asset-739,SpaceX,LEO,24683,2020,Active
SAT-0617,Asset-735,ESA,LEO,27952,2003,Decaying
SAT-0618,Asset-659,Roscosmos,LEO,30378,2006,Active
SAT-0619,Asset-548,SpaceX,LEO,26321,2007,Active
SAT-0620,Asset-190,ISRO,LEO,28190,2009,Active
SAT-0621,Asset-364,SpaceX,LEO,37785,2005,Active
SAT-0622,Asset-178,Roscosmos,HEO,29444,2010,Active
SAT-0623,Asset-873,Roscosmos,MEO,38533,2008,Active
SAT-0624,Asset-687,ESA,LEO,6828,2000,Active
SAT-0625,Asset-708,ESA,GEO,1949,2000,Decaying
SAT-0626,Asset-427,ESA,LEO,31968,2001,Active
SAT-0627,Asset-507,ESA,LEO,21300,2008,Active
SAT-0628,Asset-694,ESA,GEO,23157,2016,Active
SAT-0629,Asset-564,NASA,LEO,16310,2001,Active
SAT-0630,Asset-626,ISRO,LEO,25660,2004,Active
SAT-0631,Asset-950,Blue Origin,MEO,29149,2012,Active
SAT-0632,Asset-468,Roscosmos,LEO,23212,2015,Active
SAT-0633,Asset-521,Roscosmos,LEO,16790,2019,Active
SAT-0634,Asset-522,ESA,LEO,3828,2026,Decommissioned
SAT-0635,Asset-989,SpaceX,LEO,37913,2004,Active
SAT-0636,Asset-451,SpaceX,LEO,17950,2015,Active
SAT-0637,Asset-981,ESA,LEO,35372,2024,Active
SAT-0638,Asset-707,NASA,MEO,35391,2010,Active
SAT-0639,Asset-858,SpaceX,LEO,6858,2017,Active
SAT-0640,Asset-214,NASA,MEO,28690,2019,Active
SAT-0641,Asset-117,Roscosmos,LEO,20877,2003,Active
SAT-0642,Asset-278,Roscosmos,MEO,9233,2007,Active
SAT-0643,Asset-419,NASA,LEO,34639,2003,Active
SAT-0644,Asset-321,Blue Origin,LEO,13688,2002,Active
SAT-0645,Asset-941,Roscosmos,MEO,34484,2013,Decaying
SAT-0646,Asset-352,ISRO,GEO,21258,2017,Active
SAT-0647,Asset-990,Blue Origin,GEO,23730,2006,Decaying
SAT-0648,Asset-114,ISRO,LEO,4394,2021,Active
SAT-0649,Asset-248,SpaceX,MEO,10574,2004,Active
SAT-0650,Asset-489,NASA,LEO,29116,2013,Active
SAT-0651,Asset-639,ISRO,GEO,17845,2010,Active
SAT-0652,Asset-151,ESA,LEO,11567,2022,Decommissioned
SAT-0653,Asset-549,Blue Origin,LEO,27520,2008,Decommissioned
SAT-0654,Asset-310,Blue Origin,LEO,29386,2000,Active
SAT-0655,Asset-178,SpaceX,LEO,5282,2008,Active
SAT-0656,Asset-419,NASA,LEO,30608,2023,Active
SAT-0657,Asset-307,SpaceX,LEO,28661,2021,Decommissioned
SAT-0658,Asset-682,Roscosmos,MEO,31894,2013,Active
SAT-0659,Asset-843,NASA,LEO,17538,2022,Decommissioned
SAT-0660,Asset-237,SpaceX,MEO,30582,2015,Active
SAT-0661,Asset-115,ESA,LEO,918,2001,Active
SAT-0662,Asset-308,SpaceX,GEO,15954,2004,Active
SAT-0663,Asset-635,ESA,HEO,29031,2006,Active
SAT-0664,Asset-658,Blue Origin,LEO,7380,2023,Active
SAT-0665,Asset-850,ESA,LEO,7536,2010,Active
SAT-0666,Asset-398,Roscosmos,LEO,20071,2004,Active
SAT-0667,Asset-569,Blue Origin,MEO,35376,2000,Active
SAT-0668,Asset-447,SpaceX,MEO,9962,2017,Decommissioned
SAT-0669,Asset-322,NASA,LEO,20480,2002,Active
SAT-0670,Asset-829,NASA,LEO,25993,2004,Decaying
SAT-0671,Asset-390,NASA,LEO,3427,2026,Active
SAT-0672,Asset-492,SpaceX,LEO,8031,2016,Active
SAT-0673,Asset-571,NASA,LEO,37102,2026,Active
SAT-0674,Asset-922,ESA,LEO,9211,2012,Active
SAT-0675,Asset-803,SpaceX,LEO,15809,2015,Active
SAT-0676,Asset-369,SpaceX,LEO,34936,2018,Active
SAT-0677,Asset-791,Roscosmos,GEO,26292,2014,Decommissioned
SAT-0678,Asset-142,ISRO,GEO,36347,2021,Active
SAT-0679,Asset-275,SpaceX,LEO,22024,2014,Active
SAT-0680,Asset-328,Roscosmos,LEO,3626,2023,Active
SAT-0681,Asset-554,ESA,LEO,20157,2024,Active
SAT-0682,Asset-681,NASA,LEO,32063,2020,Active
SAT-0683,Asset-651,ISRO,MEO,34805,2011,Active
SAT-0684,Asset-212,ISRO,LEO,19281,2006,Active
SAT-0685,Asset-313,SpaceX,LEO,28965,2023,Active
SAT-0686,Asset-449,NASA,LEO,35202,2018,Active
SAT-0687,Asset-784,NASA,LEO,16408,2022,Decommissioned
SAT-0688,Asset-736,ESA,LEO,6662,2009,Active
SAT-0689,Asset-877,ESA,LEO,7462,2014,Active
SAT-0690,Asset-344,Roscosmos,LEO,4132,2010,Active
SAT-0691,Asset-630,Blue Origin,GEO,29593,2018,Active
SAT-0692,Asset-942,ESA,LEO,10249,2018,Active
SAT-0693,Asset-644,Blue Origin,LEO,23990,2013,Active
SAT-0694,Asset-765,NASA,LEO,23083,2025,Active
SAT-0695,Asset-699,NASA,LEO,23425,2025,Active
SAT-0696,Asset-512,SpaceX,LEO,8854,2003,Active
SAT-0697,Asset-310,ISRO,LEO,20013,2010,Active
SAT-0698,Asset-207,NASA,GEO,13073,2025,Active
SAT-0699,Asset-740,ISRO,LEO,8217,2025,Active
SAT-0700,Asset-820,ESA,LEO,30568,2004,Active
SAT-0701,Asset-574,Roscosmos,LEO,31098,2021,Decommissioned
SAT-0702,Asset-930,NASA,LEO,26166,2008,Decommissioned
SAT-0703,Asset-796,NASA,LEO,16613,2022,Active
SAT-0704,Asset-441,SpaceX,LEO,7189,2006,Active
SAT-0705,Asset-476,NASA,LEO,28311,2017,Active
SAT-0706,Asset-136,SpaceX,LEO,39737,2002,Active
SAT-0707,Asset-265,NASA,GEO,3784,2008,Active
SAT-0708,Asset-635,NASA,LEO,38389,2025,Active
SAT-0709,Asset-220,SpaceX,LEO,26642,2009,Active
SAT-0710,Asset-289,ISRO,MEO,8402,2005,Active
SAT-0711,Asset-780,SpaceX,LEO,39372,2002,Active
SAT-0712,Asset-801,NASA,LEO,29572,2008,Decommissioned
SAT-0713,Asset-470,Roscosmos,LEO,2895,2001,Active
SAT-0714,Asset-159,ISRO,MEO,1164,2007,Active
SAT-0715,Asset-848,Blue Origin,LEO,14661,2002,Active
SAT-0716,Asset-597,Roscosmos,HEO,14331,2013,Active
SAT-0717,Asset-450,SpaceX,GEO,10933,2000,Active
SAT-0718,Asset-875,Blue Origin,LEO,12542,2008,Active
SAT-0719,Asset-488,Roscosmos,LEO,21372,2010,Active
SAT-0720,Asset-590,Roscosmos,GEO,1425,2006,Active
SAT-0721,Asset-173,ESA,LEO,34519,2024,Decommissioned
SAT-0722,Asset-223,Roscosmos,LEO,18444,2008,Active
SAT-0723,Asset-785,Roscosmos,LEO,19214,2005,Active
SAT-0724,Asset-223,ISRO,LEO,12966,2001,Active
SAT-0725,Asset-687,SpaceX,LEO,369,2010,Active
SAT-0726,Asset-573,Blue Origin,LEO,7011,2019,Decommissioned
SAT-0727,Asset-600,NASA,LEO,12458,2004,Active
SAT-0728,Asset-877,ISRO,LEO,701,2008,Active
SAT-0729,Asset-748,NASA,MEO,34052,2005,Active
SAT-0730,Asset-847,SpaceX,LEO,29955,2025,Active
SAT-0731,Asset-519,Roscosmos,LEO,39517,2011,Active
SAT-0732,Asset-176,ISRO,LEO,2310,2013,Active
SAT-0733,Asset-147,Blue Origin,GEO,9867,2012,Active
SAT-0734,Asset-542,NASA,LEO,20643,2017,Active
SAT-0735,Asset-627,NASA,LEO,19144,2026,Active
SAT-0736,Asset-720,SpaceX,LEO,4404,2021,Active
SAT-0737,Asset-332,Blue Origin,GEO,19485,2023,Active
SAT-0738,Asset-790,ISRO,LEO,1121,2021,Active
SAT-0739,Asset-305,SpaceX,MEO,28591,2000,Active
SAT-0740,Asset-218,Roscosmos,GEO,36427,2021,Active
SAT-0741,Asset-152,Blue Origin,LEO,8650,2012,Active
SAT-0742,Asset-747,Roscosmos,LEO,26978,2012,Active
SAT-0743,Asset-449,ESA,HEO,18491,2008,Active
SAT-0744,Asset-298,NASA,HEO,26517,2014,Active
SAT-0745,Asset-619,SpaceX,LEO,1596,2008,Active
SAT-0746,Asset-748,Blue Origin,LEO,19769,2023,Active
SAT-0747,Asset-429,NASA,LEO,5108,2017,Active
SAT-0748,Asset-258,Blue Origin,GEO,21669,2004,Decommissioned
SAT-0749,Asset-387,SpaceX,MEO,39034,2017,Active
SAT-0750,Asset-463,NASA,LEO,37367,2010,Active
SAT-0751,Asset-735,Blue Origin,LEO,32469,2018,Decommissioned
SAT-0752,Asset-513,Blue Origin,LEO,24555,2004,Active
SAT-0753,Asset-715,Blue Origin,LEO,30795,2005,Decaying
SAT-0754,Asset-765,SpaceX,LEO,17905,2001,Active
SAT-0755,Asset-902,ESA,LEO,19057,2013,Active
SAT-0756,Asset-774,SpaceX,GEO,1852,2018,Active
SAT-0757,Asset-875,SpaceX,GEO,1265,2005,Active
SAT-0758,Asset-373,Roscosmos,LEO,30370,2011,Decaying
SAT-0759,Asset-421,SpaceX,MEO,34267,2022,Active
SAT-0760,Asset-779,Roscosmos,LEO,25874,2014,Active
SAT-0761,Asset-793,Blue Origin,MEO,7425,2007,Active
SAT-0762,Asset-633,Roscosmos,LEO,18099,2019,Active
SAT-0763,Asset-323,Blue Origin,LEO,26335,2006,Active
SAT-0764,Asset-406,ESA,GEO,24732,2002,Active
SAT-0765,Asset-749,ESA,LEO,4445,2026,Decaying
SAT-0766,Asset-255,ISRO,LEO,14214,2005,Active
SAT-0767,Asset-108,Roscosmos,LEO,5662,2018,Active
SAT-0768,Asset-217,SpaceX,LEO,39308,2021,Active
SAT-0769,Asset-763,NASA,LEO,4222,2003,Active
SAT-0770,Asset-939,SpaceX,GEO,11437,2016,Active
SAT-0771,Asset-179,Blue Origin,LEO,12174,2009,Decaying
SAT-0772,Asset-180,ESA,MEO,38760,2002,Active
SAT-0773,Asset-823,ISRO,GEO,29449,2011,Active
SAT-0774,Asset-961,ESA,LEO,10359,2004,Active
SAT-0775,Asset-776,ESA,LEO,5636,2020,Active
SAT-0776,Asset-497,ESA,HEO,22130,2021,Active
SAT-0777,Asset-723,SpaceX,LEO,674,2011,Active
SAT-0778,Asset-763,NASA,LEO,38408,2011,Active
SAT-0779,Asset-532,Blue Origin,MEO,3318,2013,Active
SAT-0780,Asset-132,ESA,LEO,18553,2012,Active
SAT-0781,Asset-278,ESA,GEO,5243,2006,Active
SAT-0782,Asset-500,Blue Origin,LEO,33632,2009,Active
SAT-0783,Asset-204,Blue Origin,LEO,22913,2006,Active
SAT-0784,Asset-529,NASA,LEO,26536,2003,Active
SAT-0785,Asset-510,ESA,LEO,2819,2016,Active
SAT-0786,Asset-756,Roscosmos,MEO,6571,2010,Active
SAT-0787,Asset-342,ESA,LEO,35470,2012,Active
SAT-0788,Asset-152,ISRO,LEO,29385,2008,Active
SAT-0789,Asset-818,NASA,LEO,1790,2019,Active
SAT-0790,Asset-838,SpaceX,LEO,21443,2020,Decaying
SAT-0791,Asset-598,SpaceX,LEO,3759,2023,Active
SAT-0792,Asset-606,NASA,HEO,32306,2021,Active
SAT-0793,Asset-411,Roscosmos,LEO,2890,2001,Active
SAT-0794,Asset-861,ESA,LEO,35738,2008,Active
SAT-0795,Asset-574,Roscosmos,HEO,15728,2009,Active
SAT-0796,Asset-573,ESA,LEO,11352,2021,Decommissioned
SAT-0797,Asset-901,NASA,GEO,32517,2011,Active
SAT-0798,Asset-869,Roscosmos,LEO,6576,2022,Active
SAT-0799,Asset-447,SpaceX,LEO,10774,2001,Active
SAT-0800,Asset-551,SpaceX,LEO,16588,2013,Active
SAT-0801,Asset-302,NASA,LEO,10414,2012,Active
SAT-0802,Asset-166,ISRO,LEO,16261,2012,Decaying
SAT-0803,Asset-309,NASA,LEO,28748,2001,Active
SAT-0804,Asset-837,SpaceX,LEO,11169,2006,Decommissioned
SAT-0805,Asset-332,ESA,LEO,15030,2022,Decaying
SAT-0806,Asset-623,Roscosmos,LEO,18757,2018,Active
SAT-0807,Asset-912,ESA,LEO,8574,2014,Active
SAT-0808,Asset-129,ISRO,MEO,22166,2020,Active
SAT-0809,Asset-218,Roscosmos,GEO,3596,2016,Active
SAT-0810,Asset-198,ISRO,LEO,34226,2005,Active
SAT-0811,Asset-428,ISRO,LEO,33330,2005,Decommissioned
SAT-0812,Asset-710,Roscosmos,LEO,24104,2019,Active
SAT-0813,Asset-470,ISRO,GEO,23394,2007,Active
SAT-0814,Asset-862,ISRO,HEO,4962,2015,Decommissioned
SAT-0815,Asset-799,Roscosmos,LEO,28834,2007,Decommissioned
SAT-0816,Asset-949,Roscosmos,LEO,39614,2005,Active
SAT-0817,Asset-658,ESA,MEO,977,2018,Active
SAT-0818,Asset-703,ISRO,LEO,35159,2004,Active
SAT-0819,Asset-382,NASA,MEO,3911,2016,Decaying
SAT-0820,Asset-294,SpaceX,LEO,32085,2009,Active
SAT-0821,Asset-529,ESA,LEO,12872,2026,Active
SAT-0822,Asset-599,ISRO,GEO,32567,2006,Active
SAT-0823,Asset-820,SpaceX,HEO,27670,2004,Active
SAT-0824,Asset-418,NASA,LEO,22600,2006,Decommissioned
SAT-0825,Asset-880,ISRO,LEO,32901,2011,Active
SAT-0826,Asset-210,ISRO,GEO,36432,2004,Decommissioned
SAT-0827,Asset-710,ESA,LEO,37107,2014,Active
SAT-0828,Asset-752,ESA,LEO,29317,2016,Active
SAT-0829,Asset-174,ESA,LEO,8093,2003,Active
SAT-0830,Asset-305,ESA,LEO,14043,2007,Active
SAT-0831,Asset-441,ISRO,LEO,35721,2012,Decommissioned
SAT-0832,Asset-379,ISRO,LEO,10431,2011,Active
SAT-0833,Asset-551,ESA,LEO,14538,2016,Active
SAT-0834,Asset-650,ISRO,LEO,39636,2010,Active
SAT-0835,Asset-651,Blue Origin,LEO,5108,2008,Active
SAT-0836,Asset-399,ISRO,LEO,35529,2016,Active
SAT-0837,Asset-300,SpaceX,LEO,25980,2005,Active
SAT-0838,Asset-880,NASA,LEO,23168,2013,Active
SAT-0839,Asset-917,NASA,LEO,38231,2017,Decommissioned
SAT-0840,Asset-614,Roscosmos,LEO,18932,2016,Active
SAT-0841,Asset-544,Blue Origin,LEO,2708,2012,Active
SAT-0842,Asset-874,SpaceX,MEO,26840,2011,Active
SAT-0843,Asset-492,Blue Origin,LEO,24683,2007,Active
SAT-0844,Asset-666,ESA,GEO,4272,2008,Active
SAT-0845,Asset-871,ISRO,LEO,19285,2009,Active
SAT-0846,Asset-606,NASA,HEO,16456,2024,Decommissioned
SAT-0847,Asset-801,Roscosmos,MEO,10903,2023,Active
SAT-0848,Asset-181,Blue Origin,LEO,33474,2022,Active
SAT-0849,Asset-983,Blue Origin,LEO,14242,2016,Active
SAT-0850,Asset-524,Blue Origin,LEO,24983,2022,Active
SAT-0851,Asset-730,Roscosmos,LEO,21920,2007,Active
SAT-0852,Asset-772,Roscosmos,LEO,1699,2005,Decaying
SAT-0853,Asset-980,Roscosmos,GEO,22061,2020,Active
SAT-0854,Asset-329,ISRO,GEO,36833,2019,Active
SAT-0855,Asset-289,Blue Origin,LEO,29660,2008,Active
SAT-0856,Asset-737,NASA,LEO,34455,2013,Active
SAT-0857,Asset-683,Roscosmos,MEO,37796,2004,Active
SAT-0858,Asset-297,Blue Origin,LEO,23070,2007,Active
SAT-0859,Asset-368,SpaceX,LEO,14651,2010,Active
SAT-0860,Asset-331,NASA,HEO,38226,2006,Active
SAT-0861,Asset-640,ESA,LEO,37808,2002,Active
SAT-0862,Asset-716,Blue Origin,LEO,12798,2020,Active
SAT-0863,Asset-239,ESA,LEO,4639,2022,Active
SAT-0864,Asset-912,SpaceX,LEO,10750,2012,Active
SAT-0865,Asset-267,SpaceX,HEO,37629,2008,Active
SAT-0866,Asset-834,SpaceX,LEO,34498,2016,Active
SAT-0867,Asset-587,NASA,LEO,37106,2013,Active
SAT-0868,Asset-594,ESA,LEO,26036,2014,Active
SAT-0869,Asset-712,NASA,MEO,39602,2000,Decommissioned
SAT-0870,Asset-515,SpaceX,LEO,22620,2003,Active
SAT-0871,Asset-807,NASA,MEO,9710,2010,Active
SAT-0872,Asset-485,Blue Origin,LEO,18721,2009,Active
SAT-0873,Asset-956,NASA,LEO,28545,2013,Active
SAT-0874,Asset-253,Blue Origin,HEO,35548,2004,Decaying
SAT-0875,Asset-539,Blue Origin,LEO,26482,2020,Active
SAT-0876,Asset-962,ESA,LEO,27202,2000,Active
SAT-0877,Asset-380,SpaceX,LEO,23927,2020,Active
SAT-0878,Asset-667,Blue Origin,HEO,33848,2009,Active
SAT-0879,Asset-520,ISRO,LEO,13694,2021,Active
SAT-0880,Asset-292,NASA,GEO,4193,2012,Decaying
SAT-0881,Asset-881,ISRO,LEO,17985,2009,Decommissioned
SAT-0882,Asset-222,NASA,LEO,22351,2016,Active
SAT-0883,Asset-429,SpaceX,LEO,23417,2025,Active
SAT-0884,Asset-604,ESA,LEO,21365,2022,Decommissioned
SAT-0885,Asset-356,ESA,LEO,1950,2024,Active
SAT-0886,Asset-818,ESA,LEO,39764,2017,Active
SAT-0887,Asset-325,ISRO,LEO,31155,2013,Active
SAT-0888,Asset-503,Blue Origin,GEO,32590,2025,Active
SAT-0889,Asset-820,SpaceX,LEO,26772,2024,Active
SAT-0890,Asset-216,ISRO,LEO,17378,2015,Active
SAT-0891,Asset-411,Blue Origin,LEO,33150,2012,Active
SAT-0892,Asset-488,Roscosmos,LEO,22116,2006,Active
SAT-0893,Asset-732,ISRO,LEO,3700,2023,Active
SAT-0894,Asset-651,SpaceX,LEO,6585,2022,Active
SAT-0895,Asset-322,Blue Origin,LEO,6130,2016,Decommissioned
SAT-0896,Asset-795,SpaceX,MEO,7440,2022,Active
SAT-0897,Asset-931,NASA,LEO,38143,2008,Active
SAT-0898,Asset-192,Roscosmos,LEO,8696,2022,Active
SAT-0899,Asset-429,ESA,LEO,16427,2006,Active
SAT-0900,Asset-381,ESA,LEO,38481,2004,Active
SAT-0901,Asset-483,ESA,LEO,9802,2017,Active
SAT-0902,Asset-869,SpaceX,LEO,21101,2025,Active
SAT-0903,Asset-961,SpaceX,LEO,39228,2011,Active
SAT-0904,Asset-902,Blue Origin,LEO,31833,2018,Decaying
SAT-0905,Asset-932,SpaceX,LEO,34158,2022,Active
SAT-0906,Asset-668,ISRO,LEO,36286,2003,Decommissioned
SAT-0907,Asset-554,NASA,LEO,10204,2005,Active
SAT-0908,Asset-290,Blue Origin,LEO,31334,2008,Active
SAT-0909,Asset-611,Roscosmos,LEO,16485,2025,Active
SAT-0910,Asset-680,Roscosmos,GEO,31659,2026,Active
SAT-0911,Asset-315,SpaceX,LEO,29419,2023,Decommissioned
SAT-0912,Asset-602,ESA,LEO,1762,2009,Active
SAT-0913,Asset-898,NASA,LEO,6413,2014,Active
SAT-0914,Asset-481,ESA,MEO,38916,2015,Active
SAT-0915,Asset-219,ESA,MEO,20678,2006,Active
SAT-0916,Asset-267,NASA,LEO,25595,2021,Active
SAT-0917,Asset-552,Roscosmos,LEO,36663,2005,Active
SAT-0918,Asset-896,Roscosmos,GEO,10419,2006,Active
SAT-0919,Asset-818,Roscosmos,GEO,10828,2004,Decaying
SAT-0920,Asset-455,ISRO,LEO,31962,2000,Decaying
SAT-0921,Asset-634,Roscosmos,LEO,36178,2016,Active
SAT-0922,Asset-970,ISRO,HEO,31159,2015,Active
SAT-0923,Asset-108,ISRO,GEO,3754,2010,Active
SAT-0924,Asset-298,Roscosmos,LEO,24808,2019,Active
SAT-0925,Asset-930,ISRO,MEO,3764,2022,Active
SAT-0926,Asset-138,SpaceX,LEO,31722,2004,Active
SAT-0927,Asset-859,SpaceX,MEO,19620,2010,Active
SAT-0928,Asset-123,SpaceX,LEO,23474,2007,Active
SAT-0929,Asset-906,ESA,LEO,37270,2003,Active
SAT-0930,Asset-350,ISRO,MEO,21149,2023,Active
SAT-0931,Asset-233,NASA,GEO,27954,2014,Active
SAT-0932,Asset-942,Roscosmos,LEO,35672,2016,Active
SAT-0933,Asset-912,ISRO,LEO,7835,2018,Active
SAT-0934,Asset-342,NASA,LEO,17335,2018,Active
SAT-0935,Asset-945,ISRO,GEO,17496,2023,Active
SAT-0936,Asset-607,Blue Origin,LEO,3867,2020,Decaying
SAT-0937,Asset-416,Blue Origin,GEO,7679,2018,Active
SAT-0938,Asset-419,ISRO,LEO,6694,2000,Decommissioned
SAT-0939,Asset-507,NASA,LEO,14465,2015,Active
SAT-0940,Asset-254,ISRO,GEO,28416,2007,Decaying
SAT-0941,Asset-255,NASA,LEO,18362,2001,Active
SAT-0942,Asset-154,ESA,LEO,18367,2025,Active
SAT-0943,Asset-955,NASA,LEO,14056,2024,Active
SAT-0944,Asset-910,Blue Origin,LEO,2483,2025,Active
SAT-0945,Asset-913,SpaceX,LEO,14719,2017,Active
SAT-0946,Asset-407,NASA,HEO,9529,2008,Active
SAT-0947,Asset-815,NASA,LEO,35039,2017,Active
SAT-0948,Asset-884,ESA,LEO,37807,2001,Active
SAT-0949,Asset-991,ISRO,LEO,6452,2016,Active
SAT-0950,Asset-921,Blue Origin,LEO,9762,2024,Active
SAT-0951,Asset-774,ISRO,LEO,4136,2009,Decommissioned
SAT-0952,Asset-647,NASA,LEO,36789,2023,Active
SAT-0953,Asset-787,NASA,LEO,20272,2021,Active
SAT-0954,Asset-880,ISRO,GEO,31083,2014,Active
SAT-0955,Asset-798,Blue Origin,LEO,17107,2023,Active
SAT-0956,Asset-779,Blue Origin,LEO,10809,2024,Active
SAT-0957,Asset-568,Roscosmos,LEO,27914,2020,Active
SAT-0958,Asset-995,ISRO,LEO,19048,2006,Active
SAT-0959,Asset-216,ISRO,LEO,35393,2025,Active
SAT-0960,Asset-371,NASA,LEO,20957,2012,Active
SAT-0961,Asset-240,ISRO,LEO,30597,2000,Active
SAT-0962,Asset-259,ESA,LEO,11729,2023,Active
SAT-0963,Asset-910,NASA,LEO,3457,2007,Active
SAT-0964,Asset-484,Roscosmos,LEO,9624,2020,Active
SAT-0965,Asset-615,ESA,LEO,6847,2026,Active
SAT-0966,Asset-549,Blue Origin,GEO,29206,2004,Active
SAT-0967,Asset-870,ESA,GEO,25388,2006,Decommissioned
SAT-0968,Asset-263,SpaceX,LEO,10033,2023,Decommissioned
SAT-0969,Asset-587,Blue Origin,MEO,17925,2016,Active
SAT-0970,Asset-864,ESA,LEO,22668,2004,Active
SAT-0971,Asset-508,ISRO,LEO,9883,2023,Active
SAT-0972,Asset-944,Roscosmos,MEO,19018,2025,Decommissioned
SAT-0973,Asset-900,SpaceX,MEO,19402,2002,Active
SAT-0974,Asset-600,Roscosmos,LEO,20852,2012,Active
SAT-0975,Asset-754,Blue Origin,HEO,23247,2015,Active
SAT-0976,Asset-619,Roscosmos,LEO,20012,2008,Active
SAT-0977,Asset-889,Blue Origin,LEO,27203,2007,Decommissioned
SAT-0978,Asset-283,ISRO,LEO,1905,2004,Decommissioned
SAT-0979,Asset-222,Blue Origin,LEO,1970,2024,Active
SAT-0980,Asset-314,SpaceX,LEO,6335,2005,Decommissioned
SAT-0981,Asset-425,ISRO,LEO,21391,2003,Active
SAT-0982,Asset-629,SpaceX,GEO,2467,2020,Active
SAT-0983,Asset-204,SpaceX,LEO,6847,2006,Active
SAT-0984,Asset-245,NASA,LEO,16189,2020,Active
SAT-0985,Asset-889,Blue Origin,GEO,29061,2026,Active
SAT-0986,Asset-196,NASA,LEO,39663,2002,Active
SAT-0987,Asset-195,ESA,HEO,29445,2015,Decaying
SAT-0988,Asset-707,Roscosmos,LEO,7565,2004,Active
SAT-0989,Asset-231,Roscosmos,GEO,39318,2006,Active
SAT-0990,Asset-409,Blue Origin,LEO,34920,2006,Active
SAT-0991,Asset-679,SpaceX,LEO,10203,2020,Decommissioned
SAT-0992,Asset-177,ISRO,LEO,22020,2001,Decommissioned
SAT-0993,Asset-988,ESA,LEO,17867,2024,Active
SAT-0994,Asset-367,NASA,LEO,34757,2023,Active
SAT-0995,Asset-334,NASA,LEO,36448,2015,Active
SAT-0996,Asset-274,Blue Origin,LEO,32250,2014,Decommissioned
SAT-0997,Asset-257,Blue Origin,LEO,15416,2023,Active
SAT-0998,Asset-774,ISRO,LEO,35372,2021,Active
SAT-0999,Asset-687,SpaceX,LEO,23273,2024,Active
SAT-1000,Asset-916,ISRO,LEO,20429,2008,Decommissioned
